{"5e-05": [[1.9147687987976276, 1.8379933377489852, 1.7930231823086573, 1.7173443453537625, 1.7010987778075342, 1.671490444632302, 1.6628685938246968, 1.6412168389162043, 1.6285901746000557, 1.60717393202759, 1.5979989545825348, 1.6002435536946644, 1.5841583982764804, 1.5720305316195275], [1.9626134290424908, 1.9225885985168152, 1.9082127051508893, 1.8609470926545455, 1.8614491976612242, 1.8492062500603963, 1.850986613814304, 1.8484256797926821, 1.845971791782632, 1.8354819153661113, 1.840377240311125, 1.8504913404900254, 1.8432307168941844, 1.841990830707282], [0.3498, 0.3861, 0.4014, 0.4214, 0.4333, 0.4438, 0.4458, 0.4512, 0.4587, 0.4659, 0.4686, 0.4684, 0.4757, 0.4786], [0.3264, 0.357, 0.3628, 0.3747, 0.3796, 0.3835, 0.3861, 0.3864, 0.39, 0.3931, 0.3953, 0.3947, 0.4003, 0.3981]], "0.0001": [[1.5757545757369085, 1.536151710582374, 1.5124879635394968, 1.475271054875661, 1.4601384463955573, 1.4414605379660694, 1.4342732540647, 1.4286422431893557, 1.4215665737020153, 1.4106099028578931, 1.4100492801340625, 1.4182367435395795, 1.4179201564226793, 1.4184124361155557], [1.8561528155303586, 1.8425608373244091, 1.8322724101739387, 1.8128740112779758, 1.8119617672273614, 1.7952031042164804, 1.789310961045714, 1.7868619712901175, 1.7766836569006264, 1.7654436074126694, 1.7628709385296295, 1.7630541737156853, 1.758948992100914, 1.7565364042388705], [0.4845, 0.4941, 0.5011, 0.5103, 0.513, 0.5212, 0.5239, 0.5262, 0.527, 0.5332, 0.5299, 0.5285, 0.5283, 0.5302], [0.3949, 0.3983, 0.4007, 0.4022, 0.4035, 0.4033, 0.4041, 0.4031, 0.4064, 0.4081, 0.407, 0.4068, 0.4068, 0.4049]], "0.0002": [[1.4624136268742318, 1.4857557706975346, 1.5020506805058718, 1.5067552587352946, 1.5208464368562216, 1.5311129757136037, 1.5459991565863542, 1.5611111441454302, 1.5748307380623658, 1.574150558558841, 1.5723793964053832, 1.5811672867489324, 1.5819633567298947, 1.5803110481729512], [1.745342052972366, 1.739433722509397, 1.7392885862679461, 1.7300326771332193, 1.7338709684612026, 1.7328656744641409, 1.7362320241806257, 1.7424794564432091, 1.7475497142987726, 1.7463989803660829, 1.7431690110314828, 1.7488599136517988, 1.7481113112185227, 1.7471201003800119], [0.5068, 0.5072, 0.4983, 0.4983, 0.4948, 0.4931, 0.4863, 0.4802, 0.4821, 0.4779, 0.4792, 0.4663, 0.4725, 0.4762], [0.3996, 0.4005, 0.4001, 0.3988, 0.399, 0.3976, 0.3952, 0.3938, 0.3931, 0.3928, 0.3961, 0.3905, 0.392, 0.3946]]}